{"cameraMode":{"drawMode":0,"name":"Shaded","section":"Shading Mode"},"sceneLighting":false,"audioPlay":false,"sceneViewState":{"showFog":true,"showMaterialUpdate":true,"showSkybox":true,"showFlares":true,"showImageEffects":true,"showParticleSystems":true},"in2DMode":false,"pivot":{"x":-100.99700927734375,"y":5.560000419616699,"z":26.553003311157228},"rotation":{"x":0.16349397599697114,"y":-0.7402003407478333,"z":0.19438622891902924,"w":0.6225650906562805},"size":10.566716194152832,"orthographic":false}