{"cameraMode":{"drawMode":0,"name":"Shaded","section":"Shading Mode"},"sceneLighting":false,"audioPlay":false,"sceneViewState":{"showFog":true,"showMaterialUpdate":true,"showSkybox":true,"showFlares":true,"showImageEffects":true,"showParticleSystems":true},"in2DMode":false,"pivot":{"x":2.7609853744506838,"y":0.888640820980072,"z":-1.7002326250076295},"rotation":{"x":0.03730276972055435,"y":0.7254895567893982,"z":-0.03944694623351097,"w":0.686088502407074},"size":5.297661304473877,"orthographic":false}