{"cameraMode":{"drawMode":0,"name":"Shaded","section":"Shading Mode"},"sceneLighting":false,"audioPlay":false,"sceneViewState":{"showFog":true,"showMaterialUpdate":true,"showSkybox":true,"showFlares":true,"showImageEffects":true,"showParticleSystems":true},"in2DMode":false,"pivot":{"x":2.838294506072998,"y":-1.3085658550262452,"z":-0.5744630098342896},"rotation":{"x":0.06628015637397766,"y":0.7853668928146362,"z":-0.08540456742048264,"w":0.6095177531242371},"size":5.297661304473877,"orthographic":false}