{"cameraMode":{"drawMode":0,"name":"Shaded","section":"Shading Mode"},"sceneLighting":true,"audioPlay":false,"sceneViewState":{"showFog":true,"showMaterialUpdate":true,"showSkybox":true,"showFlares":true,"showImageEffects":true,"showParticleSystems":true},"in2DMode":false,"pivot":{"x":-344.39239501953127,"y":39.84366226196289,"z":31.746692657470704},"rotation":{"x":-0.18670810759067536,"y":-0.5101721286773682,"z":0.11452841013669968,"w":-0.8317137956619263},"size":16.157251358032228,"orthographic":false}