{"cameraMode":{"drawMode":0,"name":"Shaded","section":"Shading Mode"},"sceneLighting":false,"audioPlay":false,"sceneViewState":{"showFog":true,"showMaterialUpdate":true,"showSkybox":true,"showFlares":true,"showImageEffects":true,"showParticleSystems":true},"in2DMode":false,"pivot":{"x":-77.30000305175781,"y":7.46999979019165,"z":105.29000091552735},"rotation":{"x":0.2508116364479065,"y":-0.4354376494884491,"z":0.1277209371328354,"w":0.8550877571105957},"size":10.83201789855957,"orthographic":false}