{"cameraMode":{"drawMode":0,"name":"Shaded","section":"Shading Mode"},"sceneLighting":true,"audioPlay":false,"sceneViewState":{"showFog":true,"showMaterialUpdate":true,"showSkybox":true,"showFlares":true,"showImageEffects":true,"showParticleSystems":true},"in2DMode":false,"pivot":{"x":-359.5650634765625,"y":15.924921989440918,"z":80.19927978515625},"rotation":{"x":-0.13145433366298676,"y":0.0849342867732048,"z":-0.01130310446023941,"w":-0.9876123666763306},"size":16.157251358032228,"orthographic":false}