{"cameraMode":{"drawMode":0,"name":"Shaded","section":"Shading Mode"},"sceneLighting":false,"audioPlay":false,"sceneViewState":{"showFog":true,"showMaterialUpdate":true,"showSkybox":true,"showFlares":true,"showImageEffects":true,"showParticleSystems":true},"in2DMode":false,"pivot":{"x":10.656795501708985,"y":-20.795730590820314,"z":2.3573591709136965},"rotation":{"x":0.0013741853181272746,"y":0.9979224801063538,"z":-0.060257431119680408,"w":0.02275737002491951},"size":1.1396965980529786,"orthographic":false}