{"cameraMode":{"drawMode":0,"name":"Shaded","section":"Shading Mode"},"sceneLighting":true,"audioPlay":false,"sceneViewState":{"showFog":true,"showMaterialUpdate":true,"showSkybox":true,"showFlares":true,"showImageEffects":true,"showParticleSystems":true},"in2DMode":false,"pivot":{"x":-330.0648498535156,"y":34.28315734863281,"z":72.1208267211914},"rotation":{"x":-0.16567462682724,"y":-0.06622915714979172,"z":0.011153753846883774,"w":-0.9838908910751343},"size":16.157251358032228,"orthographic":false}