{"cameraMode":{"drawMode":0,"name":"Shaded","section":"Shading Mode"},"sceneLighting":true,"audioPlay":false,"sceneViewState":{"showFog":true,"showMaterialUpdate":true,"showSkybox":true,"showFlares":true,"showImageEffects":true,"showParticleSystems":true},"in2DMode":false,"pivot":{"x":-320.2337951660156,"y":29.884387969970704,"z":95.8075180053711},"rotation":{"x":0.05920451506972313,"y":0.18783363699913026,"z":-0.011344796977937222,"w":0.9803492426872253},"size":16.157251358032228,"orthographic":false}