{"cameraMode":{"drawMode":0,"name":"Shaded","section":"Shading Mode"},"sceneLighting":true,"audioPlay":false,"sceneViewState":{"showFog":true,"showMaterialUpdate":true,"showSkybox":true,"showFlares":true,"showImageEffects":true,"showParticleSystems":true},"in2DMode":false,"pivot":{"x":-7.793105602264404,"y":4.373054504394531,"z":7.998579502105713},"rotation":{"x":-0.05971637740731239,"y":-0.523103654384613,"z":-0.036777254194021228,"w":0.8493786454200745},"size":10.0,"orthographic":false}