{"cameraMode":{"drawMode":0,"name":"Shaded","section":"Shading Mode"},"sceneLighting":false,"audioPlay":false,"sceneViewState":{"showFog":true,"showMaterialUpdate":true,"showSkybox":true,"showFlares":true,"showImageEffects":true,"showParticleSystems":true},"in2DMode":false,"pivot":{"x":10.625519752502442,"y":-20.71037483215332,"z":2.8490006923675539},"rotation":{"x":0.001622760551981628,"y":0.9911848902702332,"z":-0.13191387057304383,"w":0.012193017639219761},"size":1.1396965980529786,"orthographic":false}