{"name":"startfly","position":{"x":144.14132690429688,"y":11.914749145507813,"z":132.51353454589845}}
{"name":"s","position":{"x":146.04815673828126,"y":12.344818115234375,"z":131.57489013671876}}
{"name":"easy","position":{"x":69.68974304199219,"y":15.723605155944825,"z":51.23101043701172}}
{"name":"m","position":{"x":175.69613647460938,"y":20.735666275024415,"z":188.8579559326172}}
{"name":"f","position":{"x":193.23301696777345,"y":4.210254669189453,"z":91.522705078125}}
{"name":"final","position":{"x":208.4443817138672,"y":7.1753058433532719,"z":23.183073043823243}}
